{
  "variant": "Hybrid",
  "config": {
    "use_dense": true,
    "use_bm25": true,
    "use_mmr": false,
    "use_graph": false
  },
  "overall": {
    "EM": 0.029,
    "F1": 0.04228956677698096,
    "ROUGE-L": 0.04178956677698096,
    "Recall@5": 0.012,
    "Recall@10": 0.012
  },
  "num_questions": 964,
  "timestamp": "2026-04-10T22:23:20.620261"
}